{
  "loss": [
    0.07852356880903244,
    0.07680430263280869,
    0.07747315615415573,
    0.07632080465555191,
    0.0765129029750824,
    0.07395390421152115,
    0.07282861322164536,
    0.07201986014842987,
    0.0731596127152443,
    0.07234439998865128,
    0.07113870233297348,
    0.06938603520393372,
    0.07110857963562012,
    0.07017236202955246,
    0.06832079589366913,
    0.06777671724557877,
    0.06857117265462875,
    0.06924400478601456,
    0.06999888271093369,
    0.0713091716170311,
    0.06687808781862259,
    0.06669452041387558,
    0.06624646484851837,
    0.06887733191251755,
    0.06945504248142242,
    0.06662406027317047,
    0.06603936851024628,
    0.06781892478466034,
    0.06528490781784058,
    0.06412115693092346,
    0.06654340773820877,
    0.06362567096948624,
    0.06804826855659485,
    0.06469275802373886
  ],
  "mae": [
    0.1326434314250946,
    0.130501389503479,
    0.12867842614650726,
    0.12904705107212067,
    0.1282854527235031,
    0.12941822409629822,
    0.12757420539855957,
    0.1281740665435791,
    0.12772703170776367,
    0.12830138206481934,
    0.12722250819206238,
    0.12691982090473175,
    0.12680737674236298,
    0.12693054974079132,
    0.1256624013185501,
    0.1267455667257309,
    0.12611426413059235,
    0.12579621374607086,
    0.12716810405254364,
    0.12606140971183777,
    0.1258302479982376,
    0.12529969215393066,
    0.12578840553760529,
    0.12624330818653107,
    0.12574779987335205,
    0.12460958957672119,
    0.12513025104999542,
    0.1248079165816307,
    0.12482880800962448,
    0.12398987263441086,
    0.12557707726955414,
    0.12402349710464478,
    0.12524358928203583,
    0.12378443777561188
  ],
  "val_loss": [
    0.1516565978527069,
    0.15253597497940063,
    0.15061166882514954,
    0.16008594632148743,
    0.15804798901081085,
    0.15176749229431152,
    0.151156485080719,
    0.1473807841539383,
    0.14366406202316284,
    0.15480805933475494,
    0.1560300886631012,
    0.16794872283935547,
    0.14965413510799408,
    0.15380807220935822,
    0.16733187437057495,
    0.15992894768714905,
    0.14793504774570465,
    0.14664413034915924,
    0.14974182844161987,
    0.14905299246311188,
    0.15213531255722046,
    0.15136833488941193,
    0.14772994816303253,
    0.15150906145572662,
    0.15486770868301392,
    0.15883119404315948,
    0.15614907443523407,
    0.15476982295513153,
    0.15981751680374146,
    0.15702587366104126,
    0.15938900411128998,
    0.15448367595672607,
    0.1570899784564972,
    0.16193440556526184
  ],
  "val_mae": [
    0.196396142244339,
    0.19259795546531677,
    0.19880026578903198,
    0.19797095656394958,
    0.19692663848400116,
    0.19292621314525604,
    0.1924903839826584,
    0.19421835243701935,
    0.1966554969549179,
    0.19532886147499084,
    0.1952640861272812,
    0.19955763220787048,
    0.19365562498569489,
    0.19704550504684448,
    0.20029498636722565,
    0.19582600891590118,
    0.19308336079120636,
    0.19840173423290253,
    0.19632750749588013,
    0.19677837193012238,
    0.19701366126537323,
    0.19357207417488098,
    0.195491224527359,
    0.19703541696071625,
    0.19676892459392548,
    0.19790992140769958,
    0.19483275711536407,
    0.19631995260715485,
    0.19807587563991547,
    0.1972288191318512,
    0.19794411957263947,
    0.1974123865365982,
    0.19400961697101593,
    0.19611041247844696
  ],
  "learning_rate": [
    0.0010000000474974513,
    0.0010000000474974513,
    0.0010000000474974513,
    0.0010000000474974513,
    0.0010000000474974513,
    0.0010000000474974513,
    0.0010000000474974513,
    0.0010000000474974513,
    0.0010000000474974513,
    0.0010000000474974513,
    0.0010000000474974513,
    0.0010000000474974513,
    0.0010000000474974513,
    0.0010000000474974513,
    0.0010000000474974513,
    0.0010000000474974513,
    0.0010000000474974513,
    0.0010000000474974513,
    0.0010000000474974513,
    0.0005000000237487257,
    0.0005000000237487257,
    0.0005000000237487257,
    0.0005000000237487257,
    0.0005000000237487257,
    0.0005000000237487257,
    0.0005000000237487257,
    0.0005000000237487257,
    0.0005000000237487257,
    0.0005000000237487257,
    0.0002500000118743628,
    0.0002500000118743628,
    0.0002500000118743628,
    0.0002500000118743628,
    0.0002500000118743628
  ]
}